<?xml version="1.0" encoding="UTF-8"?>
<beans xmlns="http://www.springframework.org/schema/beans"
	xmlns:xsi="http://www.w3.org/2001/XMLSchema-instance"
	xsi:schemaLocation="http://www.springframework.org/schema/beans http://www.springframework.org/schema/beans/spring-beans.xsd">

<bean id="cust" class="org.cap.Springproject.Customer" >
	<property name="cust_id" value="1001" />
     <property name="name" value="Pranjali" />
     <property name="add" ref="adress" />
  </bean>
     
     <bean id="adress" class="org.cap.Springproject.Adress" >
     <property name="stno" value="21"/>
     <property name="sname" value="FC Street">
     </property>
     </bean>
</beans>
