<?xml version="1.0" encoding="UTF-8"?>
<beans xmlns="http://www.springframework.org/schema/beans"
	xmlns:xsi="http://www.w3.org/2001/XMLSchema-instance"
	xmlns:context="http://www.springframework.org/schema/context"
	xmlns:mvc="http://www.springframework.org/schema/mvc"
	xmlns:p="http://www.springframework.org/schema/p"
	xsi:schemaLocation="http://www.springframework.org/schema/beans http://www.springframework.org/schema/beans/spring-beans-3.1.xsd
		http://www.springframework.org/schema/context http://www.springframework.org/schema/context/spring-context-3.1.xsd
		http://www.springframework.org/schema/mvc http://www.springframework.org/schema/mvc/spring-mvc-3.0.xsd">

<!-- <context:component-scan base-package="org.capstore"/>
<context:annotation-config/>
<mvc:annotation-driven/>
<bean id="viewResolver" class="org.springframework.web.servlet.view.InternalResourceViewResolver"
	p:viewClass="org.springframework.web.servlet.view.JstlView"
	p:prefix="/WEB-INF/pages/"
	p:suffix=".jsp"/>	
<mvc:resources location="/images/" mapping="/images/**"/>	
<mvc:resources location="/css/" mapping="/css/**"/>	
<mvc:resources location="/js/" mapping="/js/**"/>
<mvc:resources location="/fonts/" mapping="/fonts/**"/>	
<bean id="propertyConfigurer" class="org.springframework.beans.factory.config.PropertyPlaceholderConfigurer"
        p:location="/WEB-INF/jdbc1.properties" />

<bean id="dataSource" class="org.apache.commons.dbcp.BasicDataSource" destroy-method="close"  
        p:driverClassName="${jdbc.driverClassName}"
        p:url="${jdbc.databaseurl}"
        p:username="${jdbc.username}" 
        p:password="${jdbc.password}" />
<bean id="sessionFactory"
        class="org.springframework.orm.hibernate3.LocalSessionFactoryBean">
        <property name="dataSource" ref="dataSource" />
        <property name="configLocation">
            <value>classpath:hibernate.cfg.xml</value>
        </property>
        <property name="configurationClass">
            <value>org.hibernate.cfg.AnnotationConfiguration</value>
        </property>
        <property name="hibernateProperties">
            <props>
                <prop key="hibernate.dialect">${jdbc.dialect}</prop>
                <prop key="hibernate.show_sql">true</prop>
                <prop key="hibernate.hbm2ddl.auto">update</prop>
            </props>
            <tx:annotation-driven /> 
    <bean id="transactionManager"
        class="org.springframework.orm.hibernate3.HibernateTransactionManager">
        <property name="sessionFactory" ref="sessionFactory" />
    </bean>
<mvc:annotation-driven/>
        </property>
        </bean> -->
        
        
        <context:component-scan base-package="org.capstore"/>
<mvc:annotation-driven/>
<context:annotation-config/>

<bean id="viewResolver" class="org.springframework.web.servlet.view.InternalResourceViewResolver">
	<property name="viewClass" value="org.springframework.web.servlet.view.JstlView"/>
	<property name="prefix" value="/WEB-INF/pages/"/>
	<property name="suffix" value=".jsp"/>
</bean>

<bean id="propertyConfigurer"
        class="org.springframework.beans.factory.config.PropertyPlaceholderConfigurer"
        p:location="/WEB-INF/jdbc1.properties" />

<bean id="dataSource" class="org.apache.commons.dbcp.BasicDataSource" destroy-method="close"  

        p:driverClassName="${jdbc.driverClassName}"
        p:url="${jdbc.databaseurl}"
        p:username="${jdbc.username}" 
        p:password="${jdbc.password}" />



<bean id="sessionFactory"
        class="org.springframework.orm.hibernate3.LocalSessionFactoryBean">
        <property name="dataSource" ref="dataSource" />
        <property name="configLocation">
            <value>classpath:hibernate.cfg.xml</value>
        </property>
        <property name="configurationClass">
            <value>org.hibernate.cfg.AnnotationConfiguration</value>
        </property>
        <property name="hibernateProperties">
            <props>
                <prop key="hibernate.dialect">${jdbc.dialect}</prop>
                <prop key="hibernate.show_sql">true</prop>
                <prop key="hibernate.hbm2ddl.auto">update</prop>
            </props>
        </property>
    </bean>
        
    <bean id="transactionManager"
        class="org.springframework.orm.hibernate3.HibernateTransactionManager">
        <property name="sessionFactory" ref="sessionFactory" />
    </bean>

<mvc:annotation-driven/>

<mvc:resources location="/images/" mapping="/images/"/>
<mvc:resources location="/css/" mapping="/css/"/>
<mvc:resources location="/script/" mapping="/script/"/>
        
        </beans>

